{
    "loss": 20.619333267211914,
    "accuracy": 0.1860465109348297
}